캠퍼스,부서,이름,전화번호
1,본부,이사장,02-2220-0001
1,본부,비서실,02-2220-0002
1,본부,비서실,02-2220-0003
1,본부,법인 감사실,02-2220-0011
1,본부,총무부장,02-2220-0013
1,본부,총무팀,02-2220-0014
1,본부,총무팀,02-2220-0015
1,본부,총무팀,02-2220-0016
1,본부,경리부장,02-2220-0019
1,본부,경리팀,02-2220-0020
1,본부,경리팀,02-2220-0021
1,본부,경리팀,02-2220-0022
1,본부,관재부장,02-2220-0028
1,본부,관재팀,02-2220-0017
1,본부,관재팀,02-2220-0018
1,본부,관재팀,02-2220-0029
1,본부,감사부장,02-2220-0023
1,본부,감사계,02-2220-0024
1,본부,감사계,02-2220-0025
1,본부,기획개발부장,02-2220-0027
1,본부,기획개발부,02-2220-2654
1,본부,법인 회의실,02-2220-0010
1,본부,총장,02-2220-0030
1,본부,비서팀장,02-2220-0033
1,본부,비서팀,02-2220-0034
1,본부,비서팀,02-2220-0035
1,본부,기획처장,02-2220-0180
1,본부,기획부처장,02-2220-0181
1,본부,기획평가팀장,02-2220-0182
1,본부,기획평가팀,02-2220-0183
1,본부,기획평가팀,02-2220-0184
1,본부,기획평가팀,02-2220-0185
1,본부,기획평가팀,02-2220-2052
1,본부,기획평가팀,02-2220-2053
1,본부,기획평가팀,02-2220-2054
1,본부,기획평가팀,02-2220-2055
1,본부,예산팀장,02-2220-0186
1,본부,예산팀,02-2220-0187
1,본부,예산팀,02-2220-0188
1,본부,경영감사실장,02-2220-2070
1,본부,경영감사팀장,02-2220-2071
1,본부,경영감사팀,02-2220-2072
1,본부,경영감사팀,02-2220-2073
1,본부,커리어개발센터,02-2220-0090
1,본부,취업률 통계 조사 및 분석,02-2220-0091
1,본부,취업프로그램 및 커리어개발,02-2220-0092
1,본부,채용정보/채용일정,02-2220-2097
1,본부,취업교과목 및 취업컨설팅/특강,02-2220-2098
1,본부,취업지원관: 취업진로상담/자소서 및 면접 클리닉/취업진로프로그램 개발 및 강의 등,02-2220-2724
1,본부,커리어개발센터 취업지원관,02-2220-2725
1,본부,리더십센터장,02-2220-2740
1,본부,리더십센터,02-2220-2743
1,본부,한양행복드림상담센터,02-2220-1973
1,본부,한양행복드림상담센터,02-2220-1974
1,본부,한양행복드림상담센터,02-2220-1459
1,본부,한양행복드림상담센터,02-2220-1498
1,본부,한양행복드림상담센터,02-2220-1499
1,본부,한양행복드림상담센터,02-2220-2450
1,본부,한양행복드림상담센터,02-2220-2990
1,본부,한양행복드림상담센터,02-2220-2991
1,본부,한양행복드림상담센터,02-2220-2992
1,본부,한양행복드림상담센터,02-2220-2993
1,본부,한양행복드림상담센터,02-2220-2994
1,본부,한양행복드림상담센터,02-2220-2995
1,본부,교학부총장,02-2220-0036
1,본부,비서실,02-2220-0037
1,본부,사회봉사단 사회혁신센터팀장,02-2220-0536
1,본부,사회혁신센터,02-2220-0537
1,본부,사회혁신센터,02-2220-0538
1,본부,사회혁신센터,02-2220-0539
1,본부,사회혁신센터,02-2220-0540
1,본부,사회혁신센터,02-2220-2406
1,본부,소프트웨어 융합원,02-2220-2660
1,본부,소프트웨어 융합원,02-2220-2661
1,본부,대학원팀장,02-2220-0228
1,본부,행정팀,02-2220-223
1,본부,행정팀,02-2220-224
1,본부,행정팀,02-2220-225
1,본부,행정팀,02-2220-226
1,본부,행정팀,02-2220-227
1,본부,경영부총장,02-2220-0040
1,본부,비서실,02-2220-0041
1,본부,재무팀장,02-2220-0202
1,본부,재무팀(교비회계 결산/결산공시/자금운용),02-2220-0203
1,본부,재무팀(등록/공제),02-2220-0204
1,본부,재무팀(수입/증빙/법인카드),02-2220-0206
1,본부,재무팀(자금지불),02-2220-0207
1,본부,재무팀(급여/원천징수/연말정산),02-2220-0208
1,본부,의무부총장,02-2290-8100
1,본부,교무처장,02-2220-0050
1,본부,교무부처장,02-2220-0051
1,본부,교무팀장,02-2220-0052
1,본부,교무팀(교원 복무/보직/연구년),02-2220-0053
1,본부,교무팀,02-2220-0054
1,본부,교무팀(교원자격 관련 업무),02-2220-0055
1,본부,교무팀(전임교원 채용),02-2220-2056
1,본부,교무팀,02-2220-2057
1,본부,교무팀(교원업적평가),02-2220-2058
1,본부,교무팀(교원성과평가 및 인사요건),02-2220-2059
1,본부,교무팀,02-2220-2066
1,본부,교무팀,02-2220-2067
1,본부,학사팀장,02-2220-0058
1,본부,학사팀(교원성과평가 및 인사요건),02-2220-0059
1,본부,학사팀(학부 교육과정),02-2220-0060
1,본부,학사팀(학부 국내학점교류/계절학기/정규학기수업운영),02-2220-0061
1,본부,학사팀(수업개설/수강신청),02-2220-0062
1,본부,학사팀(강사료/강의평가/Best Teacher),02-2220-0063
1,본부,학사팀(성적/학점인정/제규정관리),02-2220-0064
1,본부,학사팀(대학혁신지원사업),02-2220-0065
1,본부,학사팀(졸업사정),02-2220-0066
1,본부,학사팀(학력조회 및 증명발급),02-2220-0067
1,본부,학사팀(학력조회 및 증명발급),02-2220-0068
1,본부,창의융합교육원 행정팀장,02-2220-2271
1,본부,행정팀,02-2220-2273
1,본부,행정팀,02-2220-2274
1,본부,행정팀,02-2220-2275
1,본부,행정팀,02-2220-2272
1,본부,입학처장,02-2220-3060
1,본부,입학팀장,02-2220-3063
1,본부,입학팀(1파트),02-2220-3064
1,본부,입학팀(1파트),02-2220-3065
1,본부,입학팀(1파트),02-2220-3066
1,본부,입학팀(1파트),02-2220-3067
1,본부,입학팀(1파트),02-2220-3068
1,본부,입학팀(1파트),02-2220-3069
1,본부,입학팀(1파트),02-2220-3070
1,본부,입학팀(1파트),02-2220-3071
1,본부,입학팀(1파트),02-2220-3072
1,본부,입학팀(2파트),02-2220-3074
1,본부,입학팀(2파트),02-2220-3075
1,본부,입학팀(2파트),02-2220-3076
1,본부,입학팀(2파트),02-2220-3077
1,본부,입학팀(2파트),02-2220-3078
1,본부,입학팀(2파트),02-2220-3079
1,본부,입학팀(3파트),02-2220-3080
1,본부,입학팀(3파트),02-2220-3081
1,본부,입학팀(3파트),02-2220-3082
1,본부,입학팀(3파트),02-2220-3083
1,본부,입학팀(3파트),02-2220-3084
1,본부,입학팀(3파트),02-2220-3085
1,본부,입학팀(3파트),02-2220-3086
1,본부,학술연구처장(산학협력단장),02-2220-0870
1,본부,산학협력부단장,02-2220-0871
1,본부,연구진흥팀장,02-2220-0872
1,본부,예산/간접비 운영(대응지원포함)/산단운영위원회,02-2220-0876
1,본부,BK21제도혁신/시상제도/학술지DB관리/KRI담당,02-2220-0873
1,본부,산학협력단 직원 인사관리/산학협력단 조직 기획/관리,02-2220-0874
1,본부,연구기획/대내외평가/특성화/교책연구센터,02-2220-0875
1,본부,교내연구비관리/부설연구소관리/위원회(학술연구/연구진실성)관리/GRF,02-2220-0867
1,본부,연구소 기금 관리/인센티브(연구소/연구자)집행,02-2220-0877
1,본부,공동기기원(공동장비분석(FACSCantoII/Confocal/Cell imaging system/LC-MS-MS/Bio Plex)),02-2220-2403
1,본부,공동기기원(공동장비분석(AES/HR-XRD/FTC분석장비총괄),02-2220-1712
1,본부,공동기기원(공동장비분석(Smart Factory/신소재 분석장비총괄)),02-2220-1387
1,본부,공동기기원(공동장비분석(XRF/BET)),02-2220-2778
1,본부,공동기기원(공동장비분석(NMR600)),02-2220-0563
1,본부,공동기기원(공동장비분석(FIB/FIB)),02-2220-1779
1,본부,공동기기원 연구행정,02-2220-0553
1,본부,공동기기원(공동장비분석(AFM)),02-2220-1349
1,본부,공동기기원(공동장비분석(FACSAriaIII/FACSMelody/MALDI-TOF/BIO-TEM)),02-2220-2757
1,본부,공동기기원(공동장비분석(XPS)),02-2220-1778
1,본부,공동기기원(공동장비분석(TEM/FIB/SEM)),02-2220-1779
1,본부,공동기기원(공동장비분석(TEM)),02-2220-2566
1,본부,공동기기원(공동장비분석(XPS/XRD/야간전담)),02-2220-1712
1,본부,공동기기원(연구장비관리/풀링제/서브원검수/LINC+사업행정),02-2220-0595
1,본부,공동기기원(공동장비분석(GC-MS/EA/TGA-DSC/LINC+사업행정)),02-2220-2756
1,본부,공동기기원(공동장비분석(LINC+사업 행정/SEM)),02-2220-1711
1,본부,공동기기원(공동장비분석(ICP-OES/ICP-MS)(RAMAN/Zeta/FT-IR/UV-VIS)),02-2220-1387
1,본부,공동기기원(공동장비분석(TEM)),02-2220-1779
1,본부,공동기기원(공동장비분석(Smart Factory)),02-2220-2565
1,본부,산학기획팀장,02-2220-2291
1,본부,산학협력단조직 및 산단직원인사관리,02-2220-2292
1,본부,산단연구원 인사 및 4대보험 관리,02-2220-2293
1,본부,산단 결산/연구비 감사/부가세신고,02-2220-2294
1,본부,비교비교원(연구교원/산학협력중점교수)/Post-doc 인사관리,02-2220-2295
1,본부,산단 급여 및 재무,02-2220-2296
1,본부,BK21플러스(협약/정산),02-2220-2301
1,본부,R&D 사업 기획 지원,02-2220-2297
1,본부,한양융합연구센터(IUCC/MEB/인문학진흥센터)관리,02-2220-2298
1,본부,R&D 사업 기획 지원,02-2220-2299
1,본부,연구지원팀장,02-2220-2130
1,본부,1/2파트장:1/2파트 연구과제 및 연구비 관리 총괄,02-2220-2131
1,본부,3/4파트장:3/4파트 연구과제 및 연구비 관리 총괄,02-2220-2151
1,본부,(협약)이공기초(중견/전략/이공학개인기초),02-2220-2132
1,본부,(정산)이공학개인기초(A)/중견연구자(A)/재도약,02-2220-2133
1,본부,(정산)이공학개인기초(B)/중견연구자(B),02-2220-2135
1,본부,(협약+정산)이공기초(집단연구/리더/이공기타/학문균형발전)/산학연협력/사업화,02-2220-2141
1,본부,(협약)원천/원자력/거대과학/국제협력(이공),02-2220-2136
1,본부,(협약)과기부 ICT(NIPA·IITP)/과기부산하기관/이공기초(신진/생애첫)/교육·인력양성,02-2220-2138
1,본부,(정산)원천/원자력,02-2220-2149
1,본부,(정산)이공기초(신진/생애첫)/교육·인력양성/거대과학/국제협력(이공),02-2220-2140
1,본부,(협약+정산)[학술·인문사회]SSK/HK/HK+/GRN/중견/시간강사/명저번역/저술출판/국제협력(인문)/대학중점/토대연구,02-2220-2137
1,본부,(협약+정산)[학술·인문사회]신진/우수학자/일반공동/인문사회/정책중점/학문후속세대(박사후국내연구/학술연구교수)/교육부 산하기관 고유사업,02-2220-2139
1,본부,(협약+정산)과학기술정보통신부/교육부/산업통상자원부/환경부/국토부/해수부/중기부/농진청/국방부/산업체 등,02-2220-2143
1,본부,(협약+정산)과학기술정보통신부/교육부/산업통상자원부/환경부/국토부/해수부/중기부/농진청/국방부/산업체 등,02-2220-2142
1,본부,(협약+정산)과학기술정보통신부/교육부/산업통상자원부/환경부/국토부/해수부/중기부/농진청/국방부/산업체 등,02-2220-2146
1,본부,(협약+정산)과학기술정보통신부/교육부/산업통상자원부/환경부/국토부/해수부/중기부/농진청/국방부/산업체 등,02-2220-2144
1,본부,(협약+정산)과학기술정보통신부/교육부/산업통상자원부/환경부/국토부/해수부/중기부/농진청/국방부/산업체 등,02-2220-2145
1,본부,(협약+정산)과학기술정보통신부/교육부/산업통상자원부/환경부/국토부/해수부/중기부/농진청/국방부/산업체 등,02-2220-2147
1,본부,(협약+정산)산업체(삼성미래육성재단)/(협약)국토부/산업체(공대),02-2220-2155
1,본부,(정산)산업체(공대)/국토부,02-2220-2156
1,본부,(협약+정산)산업체(공대 외/해외)/(협약)환경부/기상청,02-2220-2152
1,본부,(협약+정산)해수부/범부처(신약개발사업단)/(협약)식약처/임상연구,02-2220-2154
1,본부,(정산)식약처/임상연구/환경부/기상청,02-2220-2153
1,본부,(협약+정산)보건복지부,02-2220-2157
1,본부,(협약+정산)KIAT(인력양성 외)/(협약)KEIT/산업부산하기관/범부처나노융합2020,02-2220-2162
1,본부,(정산)KEIT,02-2220-2165
1,본부,(협약+정산)KETEP/KIAT(인력양성사업),02-2220-2164
1,본부,(협약+정산)외교부/(협약)서울시 및 지자체/(정산)산업부산하기관,02-2220-2168
1,본부,(협약+정산)농식품부/(협약)중기부/농진청/기타정부,02-2220-2163
1,본부,(정산)중기부/농진청/서울시 및 지자체,02-2220-2167
1,본부,(협약+정산)국방부/방사청/(정산)기타정부,02-2220-2166
1,본부,의학연구지원센터장,02-2290-8449
1,본부,실험동물연구실장:실험동물연구실 총괄,02-2220-0639
1,본부,실험동물연구실:실험동물연구실 행정업무,02-2220-1801
1,본부,IACUC 전문간사:동물실험윤리위원회 업무 등,02-2220-0671
1,본부,기관생명윤리위원회 업무/의학연구지원센터 행정 등,02-2220-0673
1,본부,실험동물실 담당,02-2220-1802
1,본부,통계지원실,02-2220-2511
1,본부,통계지원실,02-2220-2510
1,본부,산학R&SD전략센터 업무총괄,02-2220-2501
1,본부,R&D 수주활성화 전략 기획/R&D 정보 동향수집 및 분석,02-2220-2502
1,본부,R&D 역량강화 교육 및 컨설팅/연구행정,02-2220-2502
1,본부,글로벌연구지원,02-2220-2502
1,본부,학생처장,02-2220-0080
1,본부,학생부처장,02-2220-0082
1,본부,학생지원팀장,02-2220-0083
1,본부,학생지원팀,02-2220-0084
1,본부,학생지원팀,02-2220-0085
1,본부,학생지원팀,02-2220-0086
1,본부,학생지원팀(민방위),02-2220-0087
1,본부,학생지원팀(예비군),02-2220-0088
1,본부,학생지원팀(예비군),02-2220-0089
1,본부,학생지원팀(국가장학 I/II유형 업무),02-2220-0094
1,본부,학생지원팀(장학기획/교내장학(학부/대학원)/고등통계(대학정보공시)),02-2220-0095
1,본부,학생지원팀(교외장학),02-2220-0096
1,본부,학생지원팀(국가근로장학사업/기금장학/학자금대출),02-2220-2041
1,본부,언론행정사무실,02-2220-1442
1,본부,한대신문사주간,02-2220-1441
1,본부,한대신문사(기자실),02-2220-1443
1,본부,학생지원팀(언론3사),02-2220-1446
1,본부,학생지원팀(기자실),02-2220-1447
1,본부,학생지원팀(저널주간),02-2220-1450
1,본부,학생지원팀(저널기자실),02-2220-1451
1,본부,학생지원팀,02-2220-1498
1,본부,학생지원팀,02-2220-1499
1,본부,인권센터,02-2220-1444
1,본부,인권센터,02-2220-2529
1,본부,인권센터,02-2220-1445
1,본부,인권센터,02-2220-2528
1,본부,인권센터,02-2220-2527
1,본부,보건진료소,02-2220-1466
1,본부,사무실,02-2220-1467
1,본부,사무실,02-2220-1655
1,본부,총무처장,02-2220-0110
1,본부,총무팀장,02-2220-0112
1,본부,총무팀(월별 지출자금/행사/인쇄발주),02-2220-0115
1,본부,총무팀(급여/교직원복지/동회지원/보직자경비지원),02-2220-0116
1,본부,총무팀(차량관리/우편물관리/콘도예약/의료비할인승인/명함승인),02-2220-0117
1,본부,총무팀(개인정보보호/문서(공문)/경조사지원),02-2220-0158
1,본부,총무팀(산학기자재 구매),02-2220-0126
1,본부,총무팀(교비·산학협력단 용역 및 이공계열·일반대학원 실험실습비 구매),02-2220-0127
1,본부,총무팀(교비 구매),02-2220-0128
1,본부,총무팀(ERICA 단과대학 및 산학협력단/본부 소모품 구매),02-2220-0129
1,본부,경인쇄실,02-2220-0056
1,본부,경인쇄실,02-2220-0057
1,본부,차량대기실,02-2220-0157
1,본부,차량대기실,02-2220-1969
1,본부,우편물실,02-2220-1832
1,본부,복지과,02-2220-0099
1,본부,복지과,02-2220-0100
1,본부,인사팀장,02-2220-0118
1,본부,인사팀(일반직원 인사관리(Personnel management & counseling)/시차출퇴근제(09:30~18:30)),02-2220-0119
1,본부,인사팀(비정규직 인사관리),02-2220-0120
1,본부,인사팀(사학연금/4대보험),02-2220-0121
1,본부,인사팀(교육/채용),02-2220-0122
1,본부,인사팀(채용/교육­(recruiting & training staff)),02-2220-1984
1,본부,관리처장,02-2220-0130
1,본부,관리부처장,02-2220-0131
1,본부,관재팀장,02-2220-0132
1,본부,관재팀(학교재산(교지/교사/사택)/미화/상용/폐기물 등 관리),02-2220-0133
1,본부,관재팀(임대/관리비/조경/소독),02-2220-0134
1,본부,관재팀(교내/교외 행사 대관 관리 운영),02-2220-0135
1,본부,관재팀(통합보안/주차/유류),02-2220-0136
1,본부,관재팀(캠퍼스 소방안전관리 전반),02-2220-0137
1,본부,관재팀(연구실 안전총괄(안전진단/안전교육/건강검진/상해보험/안전관리시스템/위험분석/사고보고 등)),02-2220-0138
1,본부,관재팀(공간관리 및 임대관리),02-2220-2049
1,본부,관재팀(자산관리/장비유지관리),02-2220-0161
1,본부,관재팀(자산관리/장비유지관리),02-2220-0162
1,본부,관재팀(첨단강의실 유지관리 및 물품검수),02-2220-0163
1,본부,관재팀(교비B(소모품/시설/조경/도서)),02-2220-0164
1,본부,관재팀(HIT 대회의실 운영실),02-2220-0657
1,본부,관재팀(백남학술정보관 국제회의실),02-2220-0868
1,본부,관재팀(경영관 SKT Hall),02-2220-1866
1,본부,신본관회의실,02-2220-2837
1,본부,소각장,02-2220-1688
1,본부,관재팀,02-2220-1750
1,본부,온실,02-2220-1878
1,본부,오뚜기 관리실,02-2220-1599
1,본부,온실,02-2220-1786
1,본부,주차관리사무소,02-2220-1880
1,본부,임파크코리아(사범대),02-2220-1881
1,본부,임파크코리아(체육관후문),02-2220-1882
1,본부,통합보안상황실,02-2220-2117
1,본부,통합보안상황실,02-2220-2118
1,본부,통합보안상황실,02-2220-2119
1,본부,시설팀장,02-2220-0140
1,본부,시설팀(에너지 관리 및 설비관련 시설물 유지관리 등),02-2220-0141
1,본부,시설팀(예산/공문처리),02-2220-0142
1,본부,시설팀(교내 건물 시설관리(건축)),02-2220-0143
1,본부,시설팀(설비공사 관리 및 설비 시설물 유지관리),02-2220-0144
1,본부,시설팀(전기시설물 유지/보수관리),02-2220-0145
1,본부,시설팀(건축),02-2220-0172
1,본부,시설팀(전기시설물 유지/보수 관리),02-2220-0173
1,본부,시설팀(건축),02-2220-0171
1,본부,전기실,02-2220-0146
1,본부,전기실,02-2220-0147
1,본부,제2변전실,02-2220-1648
1,본부,HIT 전기실,02-2220-1857
1,본부,영선반,02-2220-0148
1,본부,영선반,02-2220-0149
1,본부,폐수처리장,02-2220-0627
1,본부,중앙보일러실,02-2220-0150
1,본부,신소재공정동보일러실,02-2220-0151
1,본부,의대보일러실,02-2220-0152
1,본부,올림픽체육관보일러실,02-2220-0153
1,본부,제1생활관보일러실,02-2220-0154
1,본부,의과대학보일러실,02-2220-0696
1,본부,백남학술정보관보일러실,02-2220-1439
1,본부,퓨전테크센터보일러실,02-2220-1561
1,본부,학생회관보일러실,02-2220-1562
1,본부,퓨전테크센터보일러실,02-2220-1563
1,본부,법대 보일러실,02-2220-1567
1,본부,자연대보일러실,02-2220-1647
1,본부,한양종합기술연구원보일러실,02-2220-1759
1,본부,본관보일러실,02-2220-1853
1,본부,대외협력처장,02-2220-2101
1,본부,대외협력부처장,02-2220-2103
1,본부,대외협력팀장,02-2220-0193
1,본부,대외협력팀(고액기부자 관리/한양발전후원회 관리/발전기금 모금 캠페인 홍보),02-2220-0194
1,본부,대외협력팀(발전기금 약정관리업무),02-2220-0195
1,본부,대외협력팀(기금관리),02-2220-0196
1,본부,대외협력팀(동문DB관리/중소액모금업무),02-2220-0197
1,본부,대외협력팀(소액모금 캠페인 운영/대중모금 캠페인(Club 동행한대)/대외협력팀 홍보 등),02-2220-1695
1,본부,대외협력팀(한양국제재단 운영/중소액 모금 캠페인/동문 지회 관리),02-2220-2030
1,본부,대외협력팀(기금전달식/협약식/장학기금 관리/기부자 예우),02-2220-2031
1,본부,대외협력팀(발전기금 약정서 및 기부금 영수증 관리),02-2220-2035
1,본부,대외협력팀(기부자 관리 및 예우),02-2220-2037
1,본부,미디어전략센터장,02-2220-0038
1,본부,미디어전략센터,02-2220-0039
1,본부,미디어전략센터,02-2220-2033
1,본부,미디어전략센터,02-2220-1691
1,본부,미디어전략센터,02-2220-1692
1,본부,미디어전략센터,02-2220-0211
1,본부,미디어전략센터,02-2220-1266
1,본부,미디어전략센터,02-2220-1453
1,본부,미디어전략센터,02-2220-1454
1,본부,미디어전략센터,02-2220-1760
1,본부,미디어전략센터,02-2220-1767
1,본부,미디어전략센터,02-2220-1764
1,본부,미디어전략센터,02-2220-1765
1,본부,미디어전략센터,02-2220-1763
1,본부,디자인경영센터장,02-2220-1701
1,본부,디자인경영센터(디자인),02-2220-1541
1,본부,디자인경영센터(행정및디자인),02-2220-1542
1,본부,디자인경영센터,02-2220-2039
1,본부,정보통신처장,02-2220-1410
1,본부,정보통신처 부처장,02-2220-1411
1,본부,정보개발팀장,02-2220-1412
1,본부,정보개발팀(G Suite /회의관리 /신규서비스 개발),02-2220-2185
1,본부,정보개발팀(ISMS/개인정보보호/학생생활관/미래인재교육원/국제교육원),02-2220-2123
1,본부,정보개발팀(입시 /업적평가 /등록장학),02-2220-2188
1,본부,정보개발팀(인사/급여 시스템 담당),02-2220-2189
1,본부,정보개발팀(재무자산/기부관리),02-2220-2179
1,본부,정보개발팀(학적),02-2220-2178
1,본부,정보개발팀(연구 정보/지식재산권 /공동장비 /창업보육),02-2220-2180
1,본부,정보개발팀(성적/LMS),02-2220-2121
1,본부,정보개발팀(수업),02-2220-2122
1,본부,정보개발팀(그룹웨어/일반행정),02-2220-2186
1,본부,정보인프라팀장,02-2220-1421
1,본부,정보인프라팀(시스템/데이터센터관리),02-2220-1422
1,본부,정보인프라팀(시스템 설계 및 ISMS 관리체계),02-2220-1423
1,본부,정보인프라팀(유/무선네트워크),02-2220-1427
1,본부,정보인프라팀(보안/소프트웨어관리),02-2220-1426
1,본부,정보인프라팀(네트워크 담당),02-2220-0929
1,본부,정보인프라팀(전화통신고장신고),02-2220-1000
1,본부,국제처장,02-2220-2440
1,본부,부처장,02-2220-2441
1,본부,국제팀장,02-2220-2442
1,본부,국제 교류 총괄,02-2220-2452
1,본부,초청교환학생/비자관리,02-2220-2523
1,본부,초청교환학생/방문학생,02-2220-2455
1,본부,파견교환학생/정보 공시,02-2220-2522
1,본부,파견교환학생/자비/교육 유학,02-2220-2460
1,본부,국제여름/겨울학교(교무/학사),02-2220-2520
1,본부,국제여름/겨울학교(학생지원)/합정서,02-2220-2521
1,본부,국제여름/겨울학교(학생지원)/단기파견,02-2220-2843
1,본부,국제여름/겨울학교(학사)/일본여름학교,02-2220-2458
1,본부,대표 문의 및 민원 접수,02-2220-2453
1,본부,대표 문의 및 민원 접수,02-2220-2454
1,본부,대표 문의 및 민원 접수,02-2220-2456
1,본부,대표 문의 및 민원 접수,02-2220-2457
1,본부,대표 문의 및 민원 접수,02-2220-2459
1,본부,외국인 유학생 입학 총괄,02-2220-2443
1,본부,외국인 유학생 학부 입학,02-2220-2449
1,본부,외국인 유학생 학부 입학,02-2220-2504
1,본부,외국인 유학생 대학원 입학,02-2220-2502
1,본부,외국인 유학생 대학원 입학,02-2220-2503
1,본부,외국인 유학생 관리 총괄,02-2220-2501
1,본부,외국인 유학생 학적 관리,02-2220-2844
1,본부,GKS정부초청장학생 관리,02-2220-2448
1,본부,외국인 유학생 심리상담 지원,02-2220-2450
1,본부,외국인 유학생 한국어 지원,02-2220-2842
1,본부,BK21 대학원 혁신지원사업 운영,02-2220-2451
1,본부,대표 문의 및 민원 접수,02-2220-2444
1,본부,대표 문의 및 민원 접수,02-2220-2445
1,본부,대표 문의 및 민원 접수,02-2220-2446
1,본부,대표 문의 및 민원 접수,02-2220-2447
1,본부,교육혁신단장,02-2220-2060
1,본부,교육혁신팀장,02-2220-2061
1,본부,교육혁신팀,02-2220-2062
1,본부,교육혁신팀,02-2220-2063
1,본부,교육혁신팀,02-2220-2065
1,본부,스마트교수학습센터,02-2220-1400
1,본부,스마트교수학습센터,02-2220-1402
1,본부,스마트교수학습센터,02-2220-1403
1,본부,스마트교수학습센터,02-2220-1404
1,본부,스마트교수학습센터,02-2220-1405
1,본부,스마트교수학습센터,02-2220-1455
1,본부,교수학습,02-2220-1819
1,본부,교수학습,02-2220-1806
1,본부,교수학습,02-2220-1808
1,본부,교수학습,02-2220-1809
1,본부,교수학습,02-2220-1807
1,본부,인성교육센터,02-2220-2062
1,본부,LINC사업팀장,02-2220-2970
1,본부,LINC사업팀,02-2220-2971
1,본부,LINC사업팀,02-2220-2972
1,본부,LINC사업팀,02-2220-2973
1,본부,LINC사업팀(한양트리즈센터),02-2220-2974
1,본부,LINC사업팀(사업비 청구),02-2220-2975
1,본부,LINC사업팀(기업지원),02-2220-2967
1,본부,LINC사업팀(기업지원),02-2220-2969
1,본부,산학합력교육센터,02-2220-2405
1,본부,산학합력교육센터,02-2220-2406
1,본부,산학합력교육센터,02-2220-2407
1,본부,산학합력교육센터,02-2220-2408
1,본부,산학합력교육센터,02-2220-2409
1,본부,현장실습지원센터장,02-2220-2093
1,본부,현장실습지원센터,02-2220-2092
1,본부,현장실습지원센터,02-2220-2094
1,본부,창업지원단,02-2220-2860
1,본부,글로벌기업가센터장,02-2220-2861
1,본부,학생 창업교육(강좌/전공),02-2220-2856
1,본부,창업친화적학사제도,02-2220-2859
1,본부,학생 창업활동 지원,02-2220-2866
1,본부,창업 사업화지원,02-2220-1341
1,본부,원스톱 창업상담실,02-2870-1978
1,대학원,대학원장,02-2220-0220
1,대학원,부원장,02-2220-0221
1,대학원,행정팀장,02-2220-0228
1,대학원,대학원팀(수업/교육과정/학적 담당),02-2220-0223
1,대학원,대학원팀(일반대학원 졸업/학위수여식/대학원 Fair),02-2220-0225
1,대학원,대학원팀(일반대학원 신입학),02-2220-0226
1,대학원,대학원팀(대학원 학칙/세칙/규정 제개정/대학원 장학),02-2220-0227
1,대학원,대학원학생회실,02-2220-0229
1,대학원,박물관교육학과,02-2220-0279
1,대학원,대학원세미나실,02-2220-1388
1,대학원,일어일문대학원,02-2220-1727
1,대학원,파워엔지니어링공학과,02-2220-2238
1,대학원,나노융합과학과,02-2220-2850
1,대학원,도시대학원장,02-2220-1210
1,대학원,행정팀 선임팀원,02-2220-1209
1,대학원,행정팀,02-2220-1212
1,대학원,행정팀,02-2220-1213
1,대학원,세미나실,02-2220-1714
1,대학원,도시대학원강사휴게실,02-2220-1215
1,대학원,국제학대학원장,02-2220-0285
1,대학원,행정팀장,02-2220-0286
1,대학원,행정팀(교무/예산/국제학대학원 입시/장학/공간/구매 外),02-2220-0288
1,대학원,행정팀(국제학부 학사 및 학적),02-2220-0281
1,대학원,행정팀(대학원 수업/성적/수강신청),02-2220-0287
1,대학원,경영전문대학원장,02-2220-0240
1,대학원,행정팀장,02-2220-2431
1,대학원,행정팀(기획/학적/원우회관리),02-2220-0241
1,대학원,행정팀(장학/에산/통계),02-2220-0242
1,대학원,행정팀(수업/교강사관리),02-2220-0243
1,대학원,행정팀(국제업무/시험관리),02-2220-0284
1,대학원,행정팀(일반대학원),02-2220-1060
1,대학원,경영교육원(수업관리/행사/홍보),02-2220-0245
1,대학원,경영교육원(모집/수업/행사기획),02-2220-0244
1,대학원,경영교육원(예산/경비/학적),02-2220-0255
1,대학원,법학전문대학원장,02-2220-0970
1,대학원,행정팀장,02-2220-0971
1,대학원,교원/입학/평가/예산 담당,02-2220-2770
1,대학원,장학/일반대학원,02-2220-0967
1,대학원,정규학기 시간표 및 수업관리/강의평가/담당시간수,02-2220-0973
1,대학원,취업/실무수습/변호사시험반,02-2220-0972
1,대학원,공간대여/학생생활관 관리/전화응대,02-2220-0980
1,대학원,시설 및 기자재 관리,02-2220-2781
1,대학원,의생명공학전문대학원장,02-2220-2415
1,대학원,행정팀,02-2220-2417
1,대학원,기술경영전문대학원장,02-2220-2250
1,대학원,행정팀장,02-2220-2360
1,대학원,기술경영전문대학원 업무(학사행정/산업부 업무),02-2220-2252
1,대학원,대학원 행정업무 및 행사지원,02-2220-2249
1,대학원,공학대학원장,02-2220-0290
1,대학원,행정팀 선임팀원,02-2220-0272
1,대학원,행정팀(수업/논문/시험),02-2220-0231
1,대학원,행정팀(수업/논문/시험),02-2220-0232
1,대학원,행정팀(학사 및 행정 업무),02-2220-0233
1,대학원,공공정책대학원장,02-2220-0250
1,대학원,행정팀장,02-2220-0251
1,대학원,행정팀(행정업무-예산/입시/학적),02-2220-0252
1,대학원,행정팀(논문/과정선택/강의실 및 기자재),02-2220-0253
1,대학원,교강사실,02-2220-0236
1,대학원,고위정책과정,02-2220-0239
1,대학원,총학생회실,02-2220-1728
1,대학원,교육대학원장,02-2220-0260
1,대학원,행정팀장,02-2220-1091
1,대학원,행정팀(교직 운영),02-2220-0261
1,대학원,행정팀(수업/비전임교원/대학정보공시 및 고등교육 통계),02-2220-0262
1,대학원,행정팀(학적/장학/졸업(논문)),02-2220-0263
1,대학원,원우회실,02-2220-2750
1,대학원,언론정보대학원장,02-2220-0265
1,대학원,행정팀장,02-2220-0266
1,대학원,행정팀,02-2220-0267
1,대학원,행정팀,02-2220-0268
1,대학원,원우회실,02-2220-0839
1,대학원,국제관광대학원장,02-2220-0811
1,대학원,행정팀장,02-2220-0216
1,대학원,행정팀,02-2220-0817
1,대학원,행정팀,02-2220-0818
1,대학원,임상간호정보대학원장,02-2220-3160
1,대학원,행정팀장,02-2220-3161
1,대학원,행정팀,02-2220-3164
1,대학원,행정팀,02-2220-3163
1,대학원,부동산융합대학원,02-2220-1210
1,대학원,행정팀장,02-2220-1209
1,대학원,행정팀,02-2220-1211
1,대학원,행정팀,02-2220-0235
1,대학원,보건대학원,02-2220-0580
1,대학원,행정팀장,02-2220-0583
1,대학원,행정팀,02-2220-0716
1,대학원,상담심리대학원,02-2220-1210
1,대학원,행정팀장,02-2220-1091
1,대학원,행정팀,02-2220-2611
1,대학,공과대학장,02-2220-3100
1,대학,학장부속실,02-2220-3101
1,대학,부학장,02-2220-3102
1,대학,공과대학 행정팀장,02-2220-3103
1,대학,선임팀원,02-2220-3104
1,대학,경영지원  기획/행사,02-2220-3140
1,대학,국제화/시간표,02-2220-3141
1,대학,예산/총무/학생회,02-2220-3142
1,대학,시설/관재,02-2220-3143
1,대학,학부  건축학부/자원환경공학과,02-2220-3110
1,대학,건축공학부/도시공학과,02-2220-3111
1,대학,융합전자공학부,02-2220-3112
1,대학,전기생체공학부(전기공학/생체공학),02-2220-3113
1,대학,신소재공학부/유기나노공학과,02-2220-3114
1,대학,화학공학과/생명공학과,02-2220-3115
1,대학,기계공학부,02-2220-3116
1,대학,원자력공학과/산업공학과,02-2220-3117
1,대학,대학원  건축학과/자원환경공학과/건축공학과/도시공학과,02-2220-3120
1,대학,전자컴퓨터통신공학과/나노반도체공학과(학과간)/지능형로봇학과(학과간)/정보디스플레이공학과(학과간),02-2220-3121
1,대학,신소재공학부/유기나노공학과/화학공학과/생명공학과,02-2220-3122
1,대학,융합기계공학과/원자력공학과/산업공학과/융합국방학과(학과간),02-2220-3123
1,대학,전기공학과/생체공학과,02-2220-3124
1,대학,교무   융합전자공학부/전기.생체공학부/건축학부/자원환경공학과,02-2220-3125
1,대학,신소재공학과/유기나노공학과/화학공학과/생명공학과/도시공학과,02-2220-3126
1,대학,기계공학부/원자력공학과/산업공학과/건축공학부,02-2220-3127
1,대학,소프트웨어 학장실,02-2220-3130
1,대학,소프트웨어 행정팀장,02-2220-3131
1,대학,행정  교무/기획/총무/예산,02-2220-3132
1,대학,학부  컴퓨터소프트웨어학부/정보시스템학과/미래자동차공학과,02-2220-3133
1,대학,대학원  컴퓨터.소프트웨어학과/블록체인융합학과(학과간)지능융합학과(계약),02-2220-3134
1,대학,대학원  미래자동차공학과/정보시스템학과/정보보안학과(학과간)/자동차전자제어공학과(계약),02-2220-3135
1,대학,시설/관재,02-2220-3136
1,대학,학부/대학원  WCD 건설환경공학과,02-2220-0320
1,대학,WCD 건설환경공학과,02-2220-1344
1,대학,학부/대학원  WCD 에너지공학과,02-2220-2390
1,대학,WCD 에너지공학과,02-2220-2390
1,대학,인공지능학과/대학원,02-2220-0380
1,대학,인공지능학과/대학원,02-2220-0309
1,대학,인텔리전스컴퓨팅 학부/대학원,02-2220-2341
1,대학,인텔리전스컴퓨팅 학부/대학원,02-2220-2342
1,대학,제1공학관 수업지원실,02-2220-0550
1,대학,제1공학관 수업지원실,02-2220-0555
1,대학,제2공학관 수업지원실,02-2220-0551
1,대학,제2공학관 수업지원실,02-2220-0565
1,대학,IT.BT관 수업지원실,02-2220-1788
1,대학,공학교육혁신센터장,02-2220-2810
1,대학,행사 및 예산,02-2220-2811
1,대학,건축공학∙유기나노심화 프로그램,02-2220-2812
1,대학,화학공학심화프로그램,02-2220-2813
1,대학,건설환경공학심화 프로그램,02-2220-2814
1,대학,기계공학심화 프로그램,02-2220-2815
1,대학,책임연구원,02-2220-2834
1,대학,의과대학장,02-2220-0580
1,대학,행정팀장,02-2220-0583
1,대학,총무/예산/온라인강의,02-2220-0677
1,대학,대학원,02-2220-0584
1,대학,의학과1.2.3.4,02-2220-1841
1,대학,의예과1/2/CBT,02-2220-0676
1,대학,학사지원/구리병원/식권,02-2220-0590
1,대학,시설/학생/대관,02-2220-1842
1,대학,기획/인증/교육과정,02-2220-0591
1,대학,교무,02-2220-0585
1,대학,총무지원,02-2220-0581
1,대학,CPX,02-2220-2462
1,대학,PBL,02-2220-2463
1,대학,구리병원 행정,031-560-2764
1,대학,Skill Lab,02-2367/2290-8765
1,대학,시신기증,02-2220-0600
1,대학,해부학실습,02-2290-8198
1,대학,의생명공학전문대학원 시설,02-2220-2419
1,대학,의생명공학전문대학원 행정실,02-2415/2417
1,대학,보건대학원 행정실,02-2220-0716
1,대학,의학혁신융합연구소,02-2220-0589
1,대학,의대동문회 사무실,02-2298-3570
1,대학,인문과학대학장,02-2220-0720
1,대학,부학장,02-2220-0721
1,대학,행정팀장,02-2220-0722
1,대학,행정팀(교무/예산/공간),02-2220-0723
1,대학,행정팀(학적/장학/시설),02-2220-0770
1,대학,행정팀(수업/성적/홍보/행사/교직),02-2220-0740
1,대학,행정팀(대학원/학생/취업/졸업),02-2220-0730
1,대학,행정팀(미래인문학융합학부 학사업무),02-2220-2471
1,대학,사회과학대학장,02-2220-0810
1,대학,행정팀장,02-2220-0812
1,대학,행정팀(교원/예산/학생),02-2220-0813
1,대학,행정팀(학부 학적/장학/유학생 관리/취업),02-2220-0815
1,대학,행정팀(국제관광대학원 교무/예산/입학),02-2220-0817
1,대학,행정팀,02-2220-0818
1,대학,교강사실,02-2220-0814
1,대학,전산실습실,02-2220-0819
1,대학,학생회실,02-2220-1618
1,대학,신문방송실습실,02-2220-0858
1,대학,언론고시반,02-2220-0859
1,대학,커뮤니케이션연구센터,02-2220-1503
1,대학,신문방송실습실,02-2220-0849
1,대학,자연과학대학 학장,02-2220-0880
1,대학,학부장,02-2220-0881
1,대학,행정팀장,02-2220-0882
1,대학,행정팀(대학원/예산/기획/홍보),02-2220-0883
1,대학,행정팀(교무/총무),02-2220-0884
1,대학,행정팀(학적/성적/교직/장학 담당),02-2220-0885
1,대학,행정팀(수업/성적/국제교류/물리학과예산관리),02-2220-0886
1,대학,행정팀(시설/자산/안전/학생지원 담당),02-2220-0887
1,대학,명예교수실,02-2220-0899
1,대학,교강사휴게실,02-2220-0898
1,대학,학생회실,02-2220-1619
1,대학,신과람,02-2220-0947
1,대학,공동전산실,02-2220-1706
1,대학,유기합성연구실,02-2220-0963
1,대학,공동기기실험실,02-2220-0964
1,대학,연구용전산실,02-2220-1707
1,대학,물리과전산실 전임연원.계약교수,02-2220-1863
1,대학,의·치의학소양교육위원회,02-2220-0898
1,대학,화학과기계실,02-2220-1705
1,대학,수학과학회,02-2220-0895
1,대학,수리계산실,02-2220-0889
1,대학,물리학과 WCU사업단,02-2220-0922
1,대학,입자물리연구실,02-2220-0927
1,대학,생리활성분자연구실,02-2220-1746
1,대학,자연대 화학과기기실,02-2220-0887
1,대학,화학과NMR,02-2220-0962
1,대학,생리유기실험실,02-2220-0959
1,대학,생명과학과 세미나실,02-2220-1980
1,대학,정책과학대학장,02-2220-2760
1,대학,행정팀장,02-2220-2761
1,대학,행정팀(수업(정책학과)대학원),02-2220-2762
1,대학,행정팀(학적 장학 예산 학생),02-2220-2764
1,대학,행정팀(수업(행정학과)과학기술정책학과),02-2220-0830
1,대학,행정팀(교무 시설),02-2220-2889
1,대학,(구)과학기술정책학과,02-2220-0816
1,대학,행정고시반,02-2220-0977
1,대학,로스쿨준비반,02-2220-2804
1,대학,법과대학장,02-2220-0970
1,대학,행정팀장,02-2220-0971
1,대학,행정팀(교원/입학/평가/예산 담당),02-2220-2770
1,대학,행정팀(취업/실무수습/변호사시험반),02-2220-0972
1,대학,행정팀(장학/일반대학원),02-2220-0967
1,대학,행정팀(정규학기 시간표 및 수업관리/강의평가/담당시간수),02-2220-0973
1,대학,행정팀(공간대여/학생생활관 관리/전화응대),02-2220-0980
1,대학,행정팀(기자재/시설),02-2220-2781
1,대학,학생회실,02-2220-1620
1,대학,교강사휴게실,02-2220-2783
1,대학,변호사시험반,02-2220-0967
1,대학,법대고시반(지도교수),02-2220-0976
1,대학,제1법학관 PC실,02-2220-0979
1,대학,제3법학관 PC실,02-2220-1004
1,대학,법대발전위원회,02-2220-1008
1,대학,법과대 모의법정,02-2220-1110
1,대학,법대 취관위,02-2220-1656
1,대학,안전법센터,02-2220-2579
1,대학,학생지도상담센터,02-2220-2824
1,대학,공익소수자인권센터,02-2220-2825
1,대학,지적재산 . 정보법센터,02-2220-2826
1,대학,국제소송법센터,02-2220-2827
1,대학,경제금융대학장,02-2220-1010
1,대학,행정팀장,02-2220-1011
1,대학,행정팀(학적/수업/성적/다전공/졸업 등),02-2220-1012
1,대학,행정팀(교무/예산/기획/장학),02-2220-1013
1,대학,행정팀(대학원/유학생/시설/자산/강의실관리),02-2220-1020
1,대학,명예교수실,02-2220-1014
1,대학,교강사실,02-2220-1015
1,대학,PC실,02-2220-1016
1,대학,취관위,02-2220-1017
1,대학,학생회실,02-2220-1109
1,대학,교수세미나실,02-2220-2581
1,대학,경영대학원장,02-2220-2430
1,대학,행정팀장,02-2220-2431
1,대학,행정팀(교무/연구비/학적),02-2220-2432
1,대학,행정팀(재무/예산/장학/시설),02-2220-2433
1,대학,행정팀(수업관리/졸업/교육과정기획),02-2220-2434
1,대학,행정팀(발전전략기획/수업지원/행사/대외협력),02-2220-2435
1,대학,행정팀(경영학인증/국제협력/수업지원),02-2220-2436
1,대학,행정팀(국제교류관리/영문홍보),02-2220-2437
1,대학,행정팀(홍보/기자재관리/학생관리),02-2220-2438
1,대학,행정팀(강의실/기자재대여),02-2220-2439
1,대학,비즈니스 랩,02-2429-1050
1,대학,공인회계사반,02-2220-1487
1,대학,사범대학 학장,02-2220-1090
1,대학,행정팀장,02-2220-1091
1,대학,행정팀(학적/장학/대학원업무/학생),02-2220-1095
1,대학,행정팀(교직업무),02-2220-1092
1,대학,행정팀(교무/총무/예산/입학),02-2220-1093
1,대학,행정팀(학부 수업/공간관리/자산/시설),02-2220-1094
1,대학,디지털학습자원센터,02-2220-1137
1,대학,PC실,02-2220-1099
1,대학,학생회실,02-2220-1622
1,대학,생활과학대학장,02-2220-1170
1,대학,행정팀장,02-2220-1172
1,대학,행정팀(교무/예산/기획/총무/관재),02-2220-1174
1,대학,행정팀(학사/장학/학생/대학원/기금/동문),02-2220-1175
1,대학,행정팀(수업(시간표/성적)/국제(유학생/교환/MOU)/졸업관리),02-2220-1173
1,대학,행정팀(생활과학관 강의실/기자재/시설물 관리 및 공결처리 등 수업지원),02-2220-1171
1,대학,행정팀(기능성식품계약학과 전반업무),02-2220-1200
1,대학,학생회실,02-2220-1623
1,대학,CAD실습실,02-2220-1198
1,대학,식품미생물/평가실,02-2220-1201
1,대학,영양판정실,02-2220-1207
1,대학,음악대학장,02-2220-1220
1,대학,행정팀장,02-2220-1221
1,대학,교무/연구/총무/장학/입학,02-2220-1222
1,대학,수업.성적.학적변동.졸업.교직.취업.외국인.기획.시설.관재.감염병모니터링,02-2220-1223
1,대학,백남음악관 대관/신입학,02-2220-1226
1,대학,음악대학 레슨실 담당,02-2220-1227
1,대학,조율사실(피아노조율),02-2220-1228
1,대학,강의실/연주홀 담당,02-2220-1229
1,대학,작곡과/국악과,02-2220-1250
1,대학,학생회실,02-2220-1624
1,대학,전자음악실,02-2220-1708
1,대학,대학원(음악학과/국악학과/음악치료과학과)/성악과,02-2220-1224
1,대학,예술.체육대학장,02-2220-1310
1,대학,학부장,02-2220-2730
1,대학,행정팀장,02-2220-1312
1,대학,행정팀(교무 /예산 /기획 /산학 및 대외협력),02-2220-1313
1,대학,행정팀(장학),02-2220-1314
1,대학,행정팀(수업/성적/졸업/영화기자재실),02-2220-1315
1,대학,행정팀,02-2220-1316
1,대학,학생회실,02-2220-1625
1,대학,기자재실,02-2220-2732
1,대학,테니스장,02-2220-0686
1,대학,발레홀,02-2220-1339
1,대학,현대무용홀,02-2220-1961
1,대학,한국무용홀,02-2220-1962
1,대학,한양예술극장,02-2220-0789
1,대학,영화기자재실,02-2220-1826
1,대학,간호학부,02-2220-3160
1,대학,행정팀장,02-2220-3161
1,대학,행정팀(교무/수업),02-2220-3162
1,대학,행정팀(간호학과(야)/대학원/장학 /외국간호사서류),02-2220-3163
1,대학,행정팀(임상간호대학원 입학/학사/행사),02-2220-3164
1,대학,행정팀(예산/시설/관재/임간원논문/시험),02-2220-3165
1,대학,국제학부장,02-2220-0285
1,대학,행정팀장,02-2220-0286
1,대학,행정팀(국제학부 학사 및 학적),02-2220-0281
1,대학,행정팀(대학원 수업/성적/수강신청),02-2220-2087
1,대학,행정팀(교무/예산/국제학대학원 입시/장학/공간/구매 外),02-2220-2088
1,대학,중국경제통상,02-2220-2726
1,대학,산업융합학부장,02-2220-2250
1,대학,행정팀장,02-2220-2360
1,대학,행정팀(산업융합학부 RC),02-2220-2361
1,대학,행정팀(기술경영전문대학원 업무(학사행정/산업부 업무)),02-2220-2253
1,대학,행정팀,02-2220-2252
1,대학,행정팀,02-2220-2251
1,대학,행정팀,02-2220-2249
1,대학,인텔리전스컴퓨팅 학부/대학원,02-2220-2341
1,대학,인텔리전스컴퓨팅 학부/대학원,02-2220-2342
1,부속기관,AI솔루션센터장,02-2220-1946
1,부속기관,예산/인사/총무/연구 과제 관리,02-2220-1947
1,부속기관,백남학술정보관장,02-2220-1350
1,부속기관,부관장,02-2220-1351
1,부속기관,학술기획운영팀장,02-2220-1352
1,부속기관,행정/예산,02-2220-1353
1,부속기관,행정근로,02-2220-1357
1,부속기관,홍보/시설,02-2220-1355
1,부속기관,IR/학위논문,02-2220-1363
1,부속기관,독서/정리/행사,02-2220-1359
1,부속기관,정 리,02-2220-1358
1,부속기관,반납/연체/퇴직청산/민원응대,02-2220-1357
1,부속기관,대출/예약/이용자 서비스/상호대차,02-2220-1629
1,부속기관,야간업무 총괄/장서/서고 관리,02-2220-1373
1,부속기관,연구정보팀장,02-2220-1365
1,부속기관,전자자료(전자책/이러닝)/사회대/사범대/정책대/국제학부,02-2220-1366
1,부속기관,단행본(국내서 국외서)/경영대/경금대,02-1356 . 1372
1,부속기관,연속간행물/원문복사/비도서/생과대/예체대/음대,02-2220-1943
1,부속기관,전자자료(전자저널/Web DB)/공대,02-2220-1362
1,부속기관,특성화자료/LibGuide/인문대/자연대,02-2220-1370
1,부속기관,연속간행물실,02-2220-1378
1,부속기관,음악자료실,02-2220-1239
1,부속기관,법학학술정보관,02-2220-2786
1,부속기관,법학학술정보관,02-2220-1638
1,부속기관,건축학술정보관,02-2220-1379
1,부속기관,의학학술정보관,02-2220-1376
1,부속기관,의학학술정보관,02-2220-1377
1,부속기관,의학자료실(구리병원),031-560-2768
1,부속기관,Ask a librarian,02-2220-1371
1,부속기관,출판부(제작/계약),02-2220-1431
1,부속기관,출판부(디자인(편집)),02-2220-1432
1,부속기관,출판부(편집/디자인),02-2220-1433
1,부속기관,출판부(판매/영업),02-2220-1434
1,부속기관,더 불 어 숲1(백남),02-2220-0776
1,부속기관,더 불 어 숲2(법대),02-2220-1669
1,부속기관,수 위 실,02-2220-1437
1,부속기관,출입관리데스크,02-2220-1783
1,부속기관,오뚜기 관 리 실,02-2220-1599
1,부속기관,전 기 실,02-2220-1438
1,부속기관,기 계 실,02-2220-1439
1,부속기관,관리실(AMPM),02-2220-1759
1,부속기관,자율위원실(백남),02-2220-0689
1,부속기관,자율위원실(법대),02-2220-2787
1,부속기관,부속병원(의료원장),02-2220-1380
1,부속기관,행정원장,02-2220-1382
1,부속기관,사무국장,02-2220-1383
1,부속기관,사무관리부장,02-2220-1384
1,부속기관,박물관장,02-2220-1390
1,부속기관,행정팀장,02-2220-1391
1,부속기관,행정팀(학예총괄),02-2220-1392
1,부속기관,행정팀(교육/아카데미/문화유적답사/홍보),02-2220-1394
1,부속기관,행정팀(대여/반환/보존),02-2220-1395
1,부속기관,행정팀(학예연구사_전시담당),02-2220-1396
1,부속기관,행정팀(역사관 운영 및 교사자료 관리),02-2220-2107
1,부속기관,행정팀(행정기록물관리 및 역사관운영),02-2220-2108
1,부속기관,대학기록실,02-2220-1938
1,부속기관,국제어학원장,02-2220-1660
1,부속기관,국제어학원 실장,02-2220-1661
1,부속기관,행정팀장,02-2220-1662
1,부속기관,행정팀(외국어),02-2220-1663
1,부속기관,행정팀(한국어),02-2220-1665
1,부속기관,행정팀(외국어),02-2220-1666
1,부속기관,행정팀(토익),02-2220-1449
1,부속기관,행정팀(한국어),02-2220-1667
1,부속기관,컴퓨터실,02-2220-1668
1,부속기관,외국인교수실,02-2220-1670
1,부속기관,TESOL Faculty,02-2220-1671
1,부속기관,한국어과 교수실(김정훈),02-2220-1538
1,부속기관,한국어과 교수실(이영숙),02-2220-1672
1,부속기관,한국어교수실1,02-2220-1673
1,부속기관,한국어교수실2,02-2220-1674
1,부속기관,한국어교수실3,02-2220-1675
1,부속기관,한국어과 교수실(이유미),02-2220-1679
1,부속기관,TESOL사무실,02-2220-1774
1,부속기관,TESOL사무실,02-2220-1775
1,부속기관,국제어학원,02-2220-1831
1,부속기관,일리노이 TESOL,02-2220-1839
1,부속기관,국제어학원,02-2220-1939
1,부속기관,체육부실,02-2220-1460
1,부속기관,체육부실과장,02-2220-1461
1,부속기관,사무실,02-2220-1462
1,부속기관,사무실,02-2220-1463
1,부속기관,코치실,02-2220-1465
1,부속기관,학생생활관장,02-2220-1470
1,부속기관,행정팀장,02-2220-1480
1,부속기관,행정팀(입퇴사/행정/내국인 입사생 관리),02-2220-1471
1,부속기관,행정팀(학생생활관 외국인 및 고시반 관리),02-2220-1472
1,부속기관,행정팀(시설/소방/안전 관리 Etc./Doing all kinds of work.),02-2220-1488
1,부속기관,기숙사 사무실,02-2220-1489
1,부속기관,장애학생지원센터장,02-2220-0536
1,부속기관,장애학생지원센터,02-1669. 0776
1,부속기관,미래인재교육원,02-2220-1520
1,부속기관,행정팀장,02-2220-1521
1,부속기관,행정팀,02-2220-1522
1,부속기관,행정팀,02-2220-1523
1,부속기관,행정팀,02-2220-1524
1,부속기관,행정팀,02-2220-1525
1,부속기관,한양어린이집,02-2220-1528
1,부속기관,보육교사교수실,02-2220-2725
1,부속기관,사회교육원 교강사실,02-2220-1526
1,부속기관,예체능학부,02-2220-1527
1,부속기관,한양어린이집,02-2220-1528
1,부속기관,어린이복지센터,02-2220-0713
1,부속기관,이동과학교실,02-2220-0949
1,부속기관,사업개발및운영팀,02-2220-1677
1,부속기관,행정및사업지원팀,02-2220-1864
1,부속기관,청소년과학기술진흥센터장,02-2220-0943
1,부속기관,청소년과학기술진흥센터,02-2220-4849
1,부속기관,청소년과학기술진흥센터,02-2220-1864
1,부속기관,청소년과학기술진흥센터,02-2220-1677
1,부속기관,청소년과학기술진흥센터,02-2220-4531
1,부속기관,대학평의원회 의장,02-2220-1940
1,부속기관,사무실,02-2220-1941
1,부속기관,교수평의원회 의장,02-2220-0593
1,부속기관,사무실,02-2220-0597
1,부속기관,노동조합 위원장,02-2220-1600
1,부속기관,노동조합 사무실,02-2220-1601
1,부속기관,총학생회장실,02-2220-0101
1,부속기관,동아리연합회,02-2220-1261
1,부속기관,동아리연합회,02-2220-1626
1,부속기관,컴퓨터써클,02-2220-0103
1,부속기관,세미나실,02-2220-0104
1,부속기관,교지편집실,02-2220-0105
1,부속기관,애국한양문학예술학생연합,02-2220-0106
1,부속기관,장애학생인권위원회,02-2220-0107
1,부속기관,총여학생회,02-2220-0108
1,부속기관,풍물패,02-2220-0109
1,부속기관,국제교류위원회,02-2220-0710
1,부속기관,의과대학 학생회실,02-2220-1616
1,부속기관,sfc기독교동아리,02-2220-1196
1,부속기관,카톨릭동아리,02-2220-1197
1,부속기관,영어회화써클,02-2220-1260
1,부속기관,창업지원센터동아리,02-2220-1342
1,부속기관,고전음악회,02-2220-1548
1,부속기관,에르디아,02-2220-1627
1,부속기관,신명,02-2220-1628
1,부속기관,한양벤처클럽,02-2220-1827
1,부속기관,학원자주화추진위원회,02-2220-1872
1,부속기관,학생군사교육단장,02-2220-1530
1,부속기관,행정과장,02-2220-1531
1,부속기관,훈육관실,02-2220-1533
1,부속기관,명예위원실,02-2220-1536
1,부속기관,훈육관실,02-2220-1534
1,부속기관,훈육관실,02-2220-1535
1,부속기관,교목실장/사무실,02-2220-1468
1,부속기관,교목실,02-2220-1469
1,연구소.사업단.부설기관,Global U-city연구소,02-2220-1804
1,연구소.사업단.부설기관,한양디지털헬스케어센터,02-2220-2752
1,연구소.사업단.부설기관,인공진흥연구원,02-2220-0309
1,연구소.사업단.부설기관,의학혁신연구소,02-2220-0679
1,연구소.사업단.부설기관,간호과학연구소,02-2220-0616
1,연구소.사업단.부설기관,건설연구소,02-2220-4481
1,연구소.사업단.부설기관,경영연구소,02-2220-1059
1,연구소.사업단.부설기관,경제연구소,02-2220-1493
1,연구소.사업단.부설기관,고령사회연구소,02-2220-2797
1,연구소.사업단.부설기관,공간과 디자인 종합연구소,02-597-5902
1,연구소.사업단.부설기관,관광연구소,02-2220-1516
1,연구소.사업단.부설기관,교육공학연구소,02-2220-1517
1,연구소.사업단.부설기관,국토·도시개발정책연구소,02-2220-0329
1,연구소.사업단.부설기관,글로벌교육협력연구소,02-2220-1506
1,연구소.사업단.부설기관,기계기술연구소,02-2220-0469
1,연구소.사업단.부설기관,기초학문연구소(다문화교육연구센터),02-2220-2609
1,연구소.사업단.부설기관,나노과학기술연구소,02-2220-1934
1,연구소.사업단.부설기관,동아시아문화연구소,02-2220-1497
1,연구소.사업단.부설기관,디스플레이공학연구소,02-2220-1971
1,연구소.사업단.부설기관,류마티즘센터,02-2290-9256
1,연구소.사업단.부설기관,류마티즘연구소,02-2220-9248
1,연구소.사업단.부설기관,바이오생명의약연구소,02-2220-4356
1,연구소.사업단.부설기관,방사선안전신기술연구소,02-2220-1791
1,연구소.사업단.부설기관,법학연구소,02-2220-1511
1,연구소.사업단.부설기관,보건의료연구소,02-2220-0666
1,연구소.사업단.부설기관,비교역사문화연구소,02-2220-0545
1,연구소.사업단.부설기관,산업과학연구소,02-2220-1490
1,연구소.사업단.부설기관,세라믹연구소,02-2220-0517
1,연구소.사업단.부설기관,아태지역연구센터,02-2220-1494
1,연구소.사업단.부설기관,우리춤연구소,02-2220-1319
1,연구소.사업단.부설기관,유럽.아프리카연구소,02-2220-0805
1,연구소.사업단.부설기관,음악연구소,02-2220-1512
1,연구소.사업단.부설기관,의공학연구소,02-2220-0693
1,연구소.사업단.부설기관,의공학연구소,02-2220-4979
1,연구소.사업단.부설기관,의과학연구소,02-2220-0589
1,연구소.사업단.부설기관,의생명연구소,02-2220-2420
1,연구소.사업단.부설기관,임베디드소프트웨어연구소,02-2220-4242
1,연구소.사업단.부설기관,자동차전자개발교육센터,02-2220-1868
1,연구소.사업단.부설기관,자동차전자제어연구소,02-2220-0453
1,연구소.사업단.부설기관,자연과학연구소,02-2220-1504
1,연구소.사업단.부설기관,자원개발연구소,02-2220-4410
1,연구소.사업단.부설기관,전기정보통신기술연구소,02-2220-0377
1,연구소.사업단.부설기관,전자음악연구소,02-2220-1709
1,연구소.사업단.부설기관,정부혁신연구소,02-2220-2818
1,연구소.사업단.부설기관,정신건강연구소,02-2220-1507
1,연구소.사업단.부설기관,중국문제연구소,02-2220-2718
1,연구소.사업단.부설기관,지방자치연구소,02-2220-1514
1,연구소.사업단.부설기관,창의수술기술연구소,02-297-8497
1,연구소.사업단.부설기관,철강공정및응용연구소,02-2220-0469
1,연구소.사업단.부설기관,체육과학·스포츠산업연구소,02-2220-1323
1,연구소.사업단.부설기관,커뮤니케이션연구센터,02-2220-1503
1,연구소.사업단.부설기관,평화연구소,02-2220-1639
1,연구소.사업단.부설기관,한국교육문제연구소,02-2220-1505
1,연구소.사업단.부설기관,한국생활과학연구소,02-2220-1203
1,연구소.사업단.부설기관,한양예술융합센터,02-2220-1295
1,연구소.사업단.부설기관,행정문제연구소,02-2220-1508
1,연구소.사업단.부설기관,현대영화연구소,02-2220-0807
1,연구소.사업단.부설기관,현대한국연구소,02-2220-0692
1,연구소.사업단.부설기관,환경및산업의학연구소,02-2220-1717
1,연구소.사업단.부설기관,환경공학연구소,02-2296-7536
1,복지시설.기타.FAX,생과대교직원식당,02-2296-8797
1,복지시설.기타.FAX,신소재교직원식당,02-2281-8166
1,복지시설.기타.FAX,제1학생식당,02-2220-1883
1,복지시설.기타.FAX,제3학생(사랑방)식당,02-304-7691
1,복지시설.기타.FAX,나누리식당(행원),02-281-2762
1,복지시설.기타.FAX,학생회관문구,02-2296-9500
1,복지시설.기타.FAX,신소재문구,02-2298-2049
1,복지시설.기타.FAX,띠모아카페(정보관),02-2298-8901
1,복지시설.기타.FAX,FTC관 도피오카페,02-2281-8182
1,복지시설.기타.FAX,제2생활관카페,02-2282-1741
1,복지시설.기타.FAX,학생회관북카페,070-8866-3534
1,복지시설.기타.FAX,펜드로시카페(인문관),02-2296-9664
1,복지시설.기타.FAX,펜드로시카페(과학기술관),02-2294-2218
1,복지시설.기타.FAX,카페큐(IT/BT관),02-2294-0222
1,복지시설.기타.FAX,인문관편의점,010-9047-2385
1,복지시설.기타.FAX,체육관매점,02-2220-1874
1,복지시설.기타.FAX,제1생활관매점(CU 편의점),02-2293-6105
1,복지시설.기타.FAX,제2생활관매점(CU 편의점),02-2281-5715
1,복지시설.기타.FAX,학술정보관편의점(CU 편의점),02-2293-2360
1,복지시설.기타.FAX,역사관기념품점,02-2220-4141
1,복지시설.기타.FAX,미용부,02-2220-1554
1,복지시설.기타.FAX,서점,02-2220-1851
1,복지시설.기타.FAX,구두방,02-2220-1867
1,복지시설.기타.FAX,세리오카페,02-2291-1011
1,복지시설.기타.FAX,휘트니스센터,02-2299-9688
1,복지시설.기타.FAX,CU편의점 행원파크,02-2282-0773
1,복지시설.기타.FAX,백남학술정보관복사실,02-2296-2049
1,복지시설.기타.FAX,제1공학관복사실,02-2220-1555
1,복지시설.기타.FAX,인문관복사실,02-2293-9598
1,복지시설.기타.FAX,경제금융관복사실,02-2291-1726
1,복지시설.기타.FAX,공업센타복사실,02-2295-5746
1,복지시설.기타.FAX,계단강의실복사실,02-2296-0730
1,복지시설.기타.FAX,신소재복사출력센터,02-2296-2049
1,복지시설.기타.FAX,의대본관복사실,02-2295-2076
1,복지시설.기타.FAX,정보통신관복사실,02-2297-2049
1,복지시설.기타.FAX,투썸플레이스,02-2292-8880
1,복지시설.기타.FAX,코페아,02-교-4748
1,복지시설.기타.FAX,김밥나라,02-2281-5659
1,복지시설.기타.FAX,더케밥,02-2281-4990
1,복지시설.기타.FAX,한양프라자 복사실,02-교-4700
1,복지시설.기타.FAX,한컴테크,02-2291-4006
1,복지시설.기타.FAX,안경점,02-2292-7501
1,복지시설.기타.FAX,디지털사진,02-교-4747
1,복지시설.기타.FAX,기념품점,02-2296-6694
1,복지시설.기타.FAX,이동통신,010-6874-3874
1,복지시설.기타.FAX,플라잉볼피자,010-9447-5764
1,복지시설.기타.FAX,모닝글로리,02-2282-0543
1,복지시설.기타.FAX,위드미편의점,070-4211-8901
1,복지시설.기타.FAX,빈스피자,010-6229-1281
1,복지시설.기타.FAX,띠아모카페,070-7760-3173 
1,복지시설.기타.FAX,공씨네김밥,070-8829-8901
1,복지시설.기타.FAX,크라제버거,070-4211-8901
1,복지시설.기타.FAX,백남학술정보관,02-2220-1437
1,복지시설.기타.FAX,애지문(지하철),02-2220-1456
1,복지시설.기타.FAX,정보통신관(IT/BT),02-2220-1544
1,복지시설.기타.FAX,신소재공학관,02-2220-1550
1,복지시설.기타.FAX,신후문,02-2220-1558
1,복지시설.기타.FAX,퓨전테크센터,02-2220-1560
1,복지시설.기타.FAX,HIT,02-2220-1568
1,복지시설.기타.FAX,수위장,02-2220-1570
1,복지시설.기타.FAX,역사관,02-2220-1571
1,복지시설.기타.FAX,정문,02-2220-1572
1,복지시설.기타.FAX,과학기술관,02-2220-1573
1,복지시설.기타.FAX,생활과학관,02-2220-1574
1,복지시설.기타.FAX,사회과학관,02-2220-1575
1,복지시설.기타.FAX,제1공학관,02-2220-1576
1,복지시설.기타.FAX,제2공학관,02-2220-1577
1,복지시설.기타.FAX,인문관,02-2220-1578
1,복지시설.기타.FAX,의대본관,02-2220-1579
1,복지시설.기타.FAX,제1의학관,02-2220-1580
1,복지시설.기타.FAX,공업센터본관,02-2220-1581
1,복지시설.기타.FAX,대학원,02-2220-1582
1,복지시설.기타.FAX,사범대학본관,02-2220-1583
1,복지시설.기타.FAX,경제금융관,02-2220-1584
1,복지시설.기타.FAX,자연과학관(구관),02-2220-1585
1,복지시설.기타.FAX,학생회관,02-2220-1586
1,복지시설.기타.FAX,백남음악관,02-2220-1587
1,복지시설.기타.FAX,박물관,02-2220-1588
1,복지시설.기타.FAX,제1학생생활관,02-2220-1589
1,복지시설.기타.FAX,제2/3법학관,02-2220-1590
1,복지시설.기타.FAX,올림픽체육관,02-2220-1592
1,복지시설.기타.FAX,학생복지관,02-2220-1593
1,복지시설.기타.FAX,신관수위실(병원),02-2220-1594
1,복지시설.기타.FAX,제1법학관,02-2220-1595
1,복지시설.기타.FAX,제1/2음악관,02-2220-1596
1,복지시설.기타.FAX,신본관,02-2220-1597
1,복지시설.기타.FAX,산학기술관,02-2220-1598
1,복지시설.기타.FAX,경영관,02-2220-1817
1,복지시설.기타.FAX,제2의학관,02-2220-1829
1,복지시설.기타.FAX,재성토목관,02-2220-1953
1,복지시설.기타.FAX,HIT 수위실,02-2220-1569
1,복지시설.기타.FAX,공업센터별관수위실,02-2220-1893
1,복지시설.기타.FAX,동문회관사무실,02-2220-1891
1,복지시설.기타.FAX,동문회관사무실,02-2220-1892
1,복지시설.기타.FAX,한양여대학장,02-2220-1605
1,복지시설.기타.FAX,한양여대시설과,02-2220-1606
1,복지시설.기타.FAX,한양여대총무과,02-2220-1607
1,복지시설.기타.FAX,한양초등학교,02-2220-1608
1,복지시설.기타.FAX,우체국,02-2220-1609
1,복지시설.기타.FAX,클린캠퍼스 운영팀,02-2220-2757
1,복지시설.기타.FAX,클린캠퍼스,02-2220-2756
1,복지시설.기타.FAX,클린캠퍼스,02-2220-2758
1,복지시설.기타.FAX,법인사무국,02-2297-0391
1,복지시설.기타.FAX,총장실,02-2294-2442
1,복지시설.기타.FAX,경영부총장,02-2220-0042
1,복지시설.기타.FAX,경영감사팀,02-2220-2076
1,복지시설.기타.FAX,교무팀,02-2299-5031
1,복지시설.기타.FAX,학사팀(학적계),02-2220-0069
1,복지시설.기타.FAX,학사팀(수업계),02-2220-1771
1,복지시설.기타.FAX,교수학습개발센터,02-2220-1818
1,복지시설.기타.FAX,기초·융합교육원,02-2220-2276
1,복지시설.기타.FAX,리더십센터,02-2220-2746
1,복지시설.기타.FAX,서울권역e-러닝지원센터,02-2220-0530
1,복지시설.기타.FAX,입학총괄팀,02-2220-0717
1,복지시설.기타.FAX,입학원영지원팀,02-2220-1909
1,복지시설.기타.FAX,연구진흥팀,02-2220-0548
1,복지시설.기타.FAX,산학협력팀(기술이전/창업),02-2220-1343
1,복지시설.기타.FAX,연구지원팀,02-2220-0596
1,복지시설.기타.FAX,공동기기원,02-2220-1347
1,복지시설.기타.FAX,의학연구지원센터,02-2220-1850
1,복지시설.기타.FAX,학생지원팀(병무지원),02-2220-1748
1,복지시설.기타.FAX,언론행정팀(저널),02-2220-1652
1,복지시설.기타.FAX,양성평등센터,02-2220-1591
1,복지시설.기타.FAX,언론행정팀(방송국),02-2220-1757
1,복지시설.기타.FAX,총무.인사팀,02-2292-1285
1,복지시설.기타.FAX,경인쇄실,02-2220-1245
1,복지시설.기타.FAX,관재팀,02-2220-0139
1,복지시설.기타.FAX,시설팀,02-2220-1888
1,복지시설.기타.FAX,설계팀,02-2220-0399
1,복지시설.기타.FAX,영선반,02-2220-1642
1,복지시설.기타.FAX,중앙보일러실,02-2220-1643
1,복지시설.기타.FAX,전기실,02-2220-1845
1,복지시설.기타.FAX,검수관리팀,02-2220-1653
1,복지시설.기타.FAX,대외협력팀,02-2220-1649
1,복지시설.기타.FAX,디자인경영센터,02-2220-1753
1,복지시설.기타.FAX,정보통신처,02-2281-3131
1,복지시설.기타.FAX,정보인프라팀,02-2220-1766
1,복지시설.기타.FAX,교육선진화팀,02-2220-2064
1,복지시설.기타.FAX,일반대학원,02-2296-7834
1,복지시설.기타.FAX,도시대학원,02-2220-1214
1,복지시설.기타.FAX,공학대학원,02-2291-5718
1,복지시설.기타.FAX,국제학대학원,02-2220-0289
1,복지시설.기타.FAX,경영전문대학원,02-2220-0249
1,복지시설.기타.FAX,경영전문대학원최고경영자과정,02-2220-1870
1,복지시설.기타.FAX,의과대학.의학전문대학원,02-2220-0699
1,복지시설.기타.FAX,국제관광대학원,02-2220-0829
1,복지시설.기타.FAX,언론정보대학원,02-2220-1389
1,복지시설.기타.FAX,법학전문대학원,02-2220-2784
1,복지시설.기타.FAX,임상간호정보대학원,02-2220-1163
1,복지시설.기타.FAX,국제인증센터/국제교류부,02-2220-1166
1,복지시설.기타.FAX,공과대학경영지원팀,02-2220-0299
1,복지시설.기타.FAX,제1공학관 교강사휴게실,02-2220-1246
1,복지시설.기타.FAX,제2공학관교강사휴게실,02-2220-1265
1,복지시설.기타.FAX,공과대학 행정팀,02-2220-3119
1,복지시설.기타.FAX,공과대학 소프트웨어 행정팀,02-2220-3129
1,복지시설.기타.FAX,인문과학대학,02-2296-8557
1,복지시설.기타.FAX,사회과학대학,02-2281-4554
1,복지시설.기타.FAX,자연과학대학,02-2298-0319
1,복지시설.기타.FAX,정책과학대학,02-2220-2763
1,복지시설.기타.FAX,경제금융대학,02-2296-9587
1,복지시설.기타.FAX,경영대학,02-2220-1169
1,복지시설.기타.FAX,경영대학 취업지원센터,02-2220-1039
1,복지시설.기타.FAX,사범대학,02-2291-4447
1,복지시설.기타.FAX,생활과학대학,02-2220-1856
1,복지시설.기타.FAX,체육대학,02-2220-1337
1,복지시설.기타.FAX,국제학부,02-2220-0282
1,복지시설.기타.FAX,백남학술정보관 학술기획운영팀,02-2293-3638
1,복지시설.기타.FAX,백남학술정보관 연속간행물실,02-2220-1869
1,복지시설.기타.FAX,백남학술정보관 정보교류실,02-2220-1398
1,복지시설.기타.FAX,의학학술정보관,02-2220-2470
1,복지시설.기타.FAX,구리분실,031-560-2768
1,복지시설.기타.FAX,음악자료실,02-2281-9490
1,복지시설.기타.FAX,법학자료실,02-2220-1840
1,복지시설.기타.FAX,의대 도서관,02-2220-0599
1,복지시설.기타.FAX,총학생회,02-2220-0102
1,복지시설.기타.FAX,교수평의원회,02-2220-0598
1,복지시설.기타.FAX,어린이복지센터,02-2220-0714
1,복지시설.기타.FAX,한양상담센터,02-2220-1267
1,복지시설.기타.FAX,출판부,02-2220-1435
1,복지시설.기타.FAX,출판부(서고),02-2220-2749
1,복지시설.기타.FAX,체육부실,02-2220-1464
1,복지시설.기타.FAX,학생군사교육단,02-2220-1532
1,복지시설.기타.FAX,노동조합,02-2220-1602
1,복지시설.기타.FAX,교목실,02-2220-1613
1,복지시설.기타.FAX,국제어학원,02-2220-1664
1,복지시설.기타.FAX,사회봉사단,02-2220-1745
1,복지시설.기타.FAX,박물관,02-2220-1836
1,복지시설.기타.FAX,대학기록실,02-2220-2109
1,복지시설.기타.FAX,주차관리실,02-2220-1875
1,복지시설.기타.FAX,대학평의원회,02-2220-1948
1,복지시설.기타.FAX,국제교류위원장실,02-2220-0212
1,복지시설.기타.FAX,신뢰성분석연구센터,02-2220-0218
1,복지시설.기타.FAX,의학연구지원센터/의과학연구소,02-2220-0669
1,복지시설.기타.FAX,호스피탈리티아카데미,02-2220-2823
1,복지시설.기타.FAX,장애학생지원센터,02-2220-2853
1,복지시설.기타.FAX,글로벌기업가센터,02-2220-2869
2,ERICA,사회봉사팀,031-400-4341
2,ERICA,학점봉사,031-400-4342
2,ERICA,희망한대,031-400-4343
2,ERICA,한양인재개발원,031-400-4300
2,ERICA,커리어개발센터,031-400-4314
2,ERICA,취업/진로/교과목,031-400-4322
2,ERICA,취업통계/취업설명회/추천채용,031-400-4316
2,ERICA,취업교육/교과목,031-400-4315
2,ERICA,취업동아리/기자단,031-400-4317
2,ERICA,취업진로/컨설턴트,031-400-4320
2,ERICA,교과목운영/관리,031-400-4321
2,ERICA,한양행복드림상담센터,031-400-4311
2,ERICA,Residential College 센터,031-400-4385
2,ERICA,소프트웨어융합원,031-400-5236
2,ERICA,소프트웨어교육센터,031-400-4881
2,ERICA,조기취업형계약학과 사업단,031-400-4001
2,ERICA,조기취업형계약학과 사업팀,031-400-5111
2,ERICA,교무팀-전임교원초빙/정원,031-400-4204
2,ERICA,교무팀-전임교원인사,031-400-4205
2,ERICA,교무팀-비전임교원교직,031-400-4206
2,ERICA,교무팀-증명발급,031-400-4207
2,ERICA,교무팀-전문연구원,031-400-4208
2,ERICA,학사팀-수업수강신청/교육과정,031-400-4214
2,ERICA,학사팀-졸업학적,031-400-4215
2,ERICA,학사팀-증명발급/학력조회/학점교류,031-400-4216
2,ERICA,학사팀-강사료/계절학기/강의평가,031-400-4217
2,ERICA,학사팀-성적/전공제도,031-400-4218
2,ERICA,창의융합교육팀-교무/예산/기획,031-400-5763
2,ERICA,창의융합교육팀-영어교과목/교양선택,031-400-5766
2,ERICA,창의융합교육팀-국어교과목/경기꿈의대학/강의실대여,031-400-5767
2,ERICA,창의융합교육팀-교육과정(전문연구원),031-400-5769
2,ERICA,창의융합교육팀-영어교육(전문연구원),031-400-5902
2,ERICA,IC PBL 센터-IC PBL 교육연구 총괄,031-400-4891
2,ERICA,IC PBL 센터-교육연구/성과관리/IC PBL과 비전설계,031-400-4897
2,ERICA,IC PBL 센터-IC PBL 교육연구/개발,031-400-4896
2,ERICA,IC PBL 센터-IC PBL 교육연구/운영,031-400-4895
2,ERICA,IC PBL 센터-IC PBL 자료개발/홍보,031-400-4894
2,ERICA,IC PBL 센터-IC PBL 교육과정기획/운영,031-400-4892
2,ERICA,학습지원센터-교수법/연구개발,031-400-4283
2,ERICA,학습지원센터-미디어,031-400-4284
2,ERICA,학습지원센터-LMS(학습관리시스템),031-400-4285
2,ERICA,학습지원센터-스마트강좌/K-MOOC,031-400-4286
2,ERICA,학습지원센터-학습법/연구개발,031-400-4289
2,ERICA,학습지원센터-학습법,031-400-4287
2,ERICA,학습지원센터-미디어/영상제작,031-400-4288
2,ERICA,교육성과관리센터,031-400-4194
2,ERICA,입학팀,031-400-4194
2,ERICA,교내지원사업,031-400-4953
2,ERICA,산학협력단 예결산/간접비관리,031-400-4954
2,ERICA,연구비 감사/교내연구결과물/부가세,031-400-4955
2,ERICA,산학협력단 연구원인사/세금관련,031-400-4946
2,ERICA,창업지원팀,031-400-4975
2,ERICA,강소특구지원단,031-400-4956
2,ERICA,연구지원팀-환경부/IITP 협약/정산,031-400-4963
2,ERICA,연구지원팀-정통부/지자체/기타정부부처 정산,031-400-4964
2,ERICA,연구지원팀-해수부/산업체협약,031-400-4965
2,ERICA,연구지원팀-산업통상자원부/문체부/국방부,031-400-4966
2,ERICA,연구지원팀-과기정통부 협약/정산,031-400-4967
2,ERICA,연구지원팀-교욕부/과기부 산하 협약/정산,031-400-4968
2,ERICA,연구지원팀-국토부 협약/정산,031-400-4969
2,ERICA,연구지원팀-보건복지부 협약/정산,031-400-4970
2,ERICA,연구지원팀-BK21+ 협약/정산,031-400-4972
2,ERICA,ERICA 기업협력센터-국책과제 수주 및 연구역량강화 등,031-400-4987
2,ERICA,ERICA 기업협력센터-산학/연구기획/기업연계,031-400-4947
2,ERICA,ERICA 기업협력센터-산학/연구홍보/해외과제 관리,031-400-4949
2,ERICA,ERICA 기업협력센터-중소기업산학협력센터,031-400-5835
2,ERICA,학생회/축제/상담,031-400-4304
2,ERICA,동아리/보험/졸업앨범,031-400-4305
2,ERICA,장소대여/학생증재발급,031-400-4307
2,ERICA,병무/예비군,031-400-4309
2,ERICA,예비군연대본부,031-400-4398
2,ERICA,국가장학/교내장학,031-400-4308
2,ERICA,교외장학/국가교육근로,031-400-4309
2,ERICA,국가우수장학/학자금대출,031-400-4312
2,ERICA,인권센터,031-400-4311
2,ERICA,한양보건센터,031-400-4366
2,ERICA,여학생회복실,031-400-4361
2,ERICA,서버/보안/.소프트웨어,031-400-4484
2,ERICA,인터넷 IP주소,031-400-4485
2,ERICA,유선 네트워크,031-400-4494
2,ERICA,무선 네트워크,031-400-5009
2,ERICA,구내전화통신,031-400-5009
2,ERICA,총무인사팀-인사/행정/복지/직인,031-400-4404
2,ERICA,총무인사팀-문서/경조사/소모품/차량,031-400-4406
2,ERICA,총무인사팀-차량,031-400-4411
2,ERICA,총무인사팀-경인쇄,031-400-4209
2,ERICA,총무인사팀-장학복지회,031-400-4234
2,ERICA,총무인사팀-검수,031-400-4477
2,ERICA,총무인사팀-우편물실,031-400-4545
2,ERICA,관재팀-대관/주차/방역,031-400-4414
2,ERICA,관재팀-대관업무/공간관리,031-400-4415
2,ERICA,관재팀-실별출입/행정,031-400-4416
2,ERICA,관재팀-조경/청소/행사지원,031-400-4418
2,ERICA,관재팀-방사선/폐기물/공간/교지교사,031-400-4186
2,ERICA,관재팀-연구실안전/재산연구자상해보험,031-400-4187
2,ERICA,관재팀-통합보안/소방,031-400-4188
2,ERICA,관재팀-화학물질/연구실안전:,031-400-4189
2,ERICA,관재팀-물품,031-400-4457
2,ERICA,관재팀-청소,031-400-4419
2,ERICA,관재팀-행사,031-400-4553
2,ERICA,관재팀-A/S,031-400-4459
2,ERICA,관재팀-삼성전자,031-400-4461
2,ERICA,관재팀-강연대(다온SD),031-400-4470
2,ERICA,시설팀-전기,031-400-4441
2,ERICA,시설팀-전기2,031-400-4442
2,ERICA,시설팀-설비,031-400-4443
2,ERICA,시설팀-건축,031-400-4444
2,ERICA,시설팀-행정,031-400-4445
2,ERICA,시설팀-영선,031-400-4447
2,ERICA,시설팀-폐수처리,031-400-4450
2,ERICA,기획예산팀-기획/회의/게스트하우스/민자사업,031-400-4456
2,ERICA,기획예산팀-평가/공사/통계,031-400-4455
2,ERICA,기획예산팀-예산,031-400-4454
2,ERICA,기획예산팀-대학혁신지원/사업예산,031-400-4903
2,ERICA,기획예산팀-대학혁신지언/사업계획,031-400-4906
2,ERICA,대외협력팀-대외협력,031-400-4474
2,ERICA,대외협력팀-발전기금/동문관리,031-400-4475
2,ERICA,대외협력팀-홍보,031-400-4476
2,ERICA,대외협력팀-행사촬영/사진관리,031-400-4478
2,ERICA,국제팀-초청교환학생/썸머스쿨총괄운영/예산,031-400-4912
2,ERICA,국제팀-해외홍보/통계/내방객의전/국제역량고도,031-400-4913
2,ERICA,국제팀-외국인 유학생 입학 및 관리,031-400-4914
2,ERICA,국제팀-외국인 유학생 입학 및 관리2,031-400-4920
2,ERICA,국제팀-학생파견프로그램(교환/자비/계절)/유학,031-400-4915
2,ERICA,국제팀-유학생입시지원/중국복수학위/유학생보험,031-400-4916
2,ERICA,국제팀-외국인학생상담/멘토링/비자/유학생자퇴,031-400-4917
2,ERICA,국제팀-유학생행사/유학생장학/기숙사/공간대여,031-400-4918
2,ERICA,국제팀-외국인유학생입학(학부),031-400-4919
2,ERICA,LINC+사업팀-사업관리 및 기획,031-400-4653
2,ERICA,LINC+사업팀-사업운영,031-400-4647
2,ERICA,LINC+사업팀-취창업/공동장비,031-400-4653
2,ERICA,LINC+사업팀-특화/ICCRCC/기업자문,031-400-4652
2,ERICA,LINC+사업팀-캡스톤/기술개발과제,031-400-4644
2,ERICA,LINC+사업팀-EP기업/사업홍보,031-400-4646
2,ERICA,LINC+사업팀-협의회/재직자교육,031-400-4654
2,ERICA,LINC+사업팀-공동장비(5공학관),031-400-4645
2,ERICA,LINC+사업팀-창의공작공간,031-400-4656
2,ERICA,학연산클러스터팀-현장실습,031-400-4393
2,ERICA,학연산클러스터팀-교육관리,031-400-4396
2,ERICA,정보인프라팀-서버/보안/소프트웨어,031-400-4484
2,ERICA,정보인프라팀-인터넷 IP주소,031-400-4485
2,ERICA,정보인프라팀-유선 네트워크,031-400-4494
2,ERICA,정보인프라팀-무선 네트워크,031-400-4488
2,ERICA,정보인프라팀-구내전화통신,031-400-5009
2,ERICA,융합산업대학원-총무/예산/통계/학생/신입학,031-400-5102
2,ERICA,융합산업대학원-수업/학점/장학/논문/자격시험,031-400-5103
2,ERICA,융합산업대학원-최고경영자과정,031-400-5104
2,ERICA,공학대학-교무/기획/행사총괄,031-400-5112
2,ERICA,공학대학-교무/연구,031-400-5113
2,ERICA,공학대학-수업총괄(기계),031-400-5115
2,ERICA,공학대학-수업(전자/생나),031-400-5115
2,ERICA,공학대학-수업(건축/건설/교통),031-400-5117
2,ERICA,공학대학-수업(재료/로봇/산경/국방),031-400-5120
2,ERICA,공학대학-총무/학적,031-400-5119
2,ERICA,공학대학-장학/졸업,031-400-5123
2,ERICA,공학대학-대학원,031-400-5116
2,ERICA,공학대학-예산,031-400-5121
2,ERICA,공학대학-시설/관재,031-400-5118
2,ERICA,공학대학-국제/취업/해군,031-400-5122
2,ERICA,공학대학-강의실대여/우편,031-400-5126
2,ERICA,공학대학-근로학생,031-400-5098
2,ERICA,공학대학-해동학술정보실/PC실,031-400-4019
2,ERICA,공학대학-학과사무실(1공 329호),031-400-5210
2,ERICA,소프트융합대학-경영/총무/교무/장학/입학,031-400-1003
2,ERICA,소프트융합대학-수업(SW학부)/국제회/학생/취업/시설관재,031-400-1004
2,ERICA,소프트융합대학-수업(ICT융합학부)/학적/대학원/대외협력,031-400-1005
2,ERICA,소프트융합대학-SW중심대학사업단 행정팀,031-400-1084
2,ERICA,약학대학-총무/교무/예산/연구/학사/행사,031-400-5793
2,ERICA,약학대학-시설관재/장학/학생/대학원,031-400-5794
2,ERICA,약학대학-약초원,031-400-5798
2,ERICA,과학기술융합대학-수업/성적/장학,031-400-5453
2,ERICA,과학기술융합대학-대학원/시설/관재/기자재,031-400-5454
2,ERICA,과학기술융합대학-교무/연구/예산/총무,031-400-5455
2,ERICA,과학기술융합대학-학적/졸업/학생,031-400-5456
2,ERICA,국제문학대학-교무/예산/연구/총무,031-400-5305
2,ERICA,국제문학대학-장학/학적(휴.복학)/입학,031-400-5303
2,ERICA,국제문학대학-대학원/시설자산/학생,031-400-5306
2,ERICA,국제문학대학-졸업/취업/학과행사/수업/공결,031-400-5310
2,ERICA,국제문학대학-국제화/다중전공/교직/학부수업/공결,031-400-5330
2,ERICA,언론정보대학-교무/예산/입학,031-400-5393
2,ERICA,언론정보대학-총무/장학/학생/국제화,031-400-5394
2,ERICA,언론정보대학-학사/수업/대학원,031-400-5395
2,ERICA,경상대학-학생/취업/공간/시설,031-400-5599
2,ERICA,경상대학-교무/장학,031-400-5593
2,ERICA,경상대학-학적/예산,031-400-5610
2,ERICA,경상대학-수업/국제화,031-400-5620
2,ERICA,경상대학-대학원,031-400-5600
2,ERICA,경상대학-회계세무학과/고시반/근로장학,031-400-5621
2,ERICA,디자인대학-교무/연구/예산/입학,031-400-5683
2,ERICA,디자인대학-학적/장학/학생/교직/업적평가,031-400-5684
2,ERICA,디자인대학-총무/시설/취업/대학원,031-400-5685
2,ERICA,디자인대학-수업/성적/교육과정/국제화,031-400-5686
2,ERICA,디자인대학-수업기자재/강의실대여,031-400-5688
2,ERICA,예체능대학-교무/예산/연구/입학,031-400-5723
2,ERICA,예체능대학-학적/장학/학생/대학원,031-400-5724
2,ERICA,예체능대학-수업/성적/교직/국제화,031-400-5725
2,ERICA,예체능대학-체육관 기자재실,031-400-4165
2,ERICA,예체능대학-실용음악관 기자재실,031-400-4174
2,ERICA,예체능대학-골프장,031-400-4167
2,ERICA,예체능대학-테니스장,031-400-4168
2,ERICA,학술정보관-행정/예산/전산,031-400-4244
2,ERICA,학술정보관-시설/기자재,031-400-4245
2,ERICA,학술정보관-수서/기증/자료정리,031-400-4248
2,ERICA,학술정보관-연속간행물/참고도서,031-400-4264
2,ERICA,학술정보관-홍보/행사,031-400-4249
2,ERICA,학술정보관-자료대출/예약,031-400-4250
2,ERICA,학술정보관-자료반납/상호대차/야간,031-400-4251
2,ERICA,학술정보관-전자저널/전자책,031-400-4253
2,ERICA,학술정보관-교육/연구지원,031-400-4258
2,ERICA,학술정보관-교육/리포지터리,031-400-4256
2,ERICA,사회교육원-기획/행정/예산,031-400-5846
2,ERICA,사회교육원-학점은행제/골프/컴퓨터,031-400-5845
2,ERICA,사회교육원-스포츠/자격증/전문가/외국어/한류,031-400-5843
2,ERICA,사회교육원-실용음악/홍보/홈페이지/시설,031-400-5850
2,ERICA,사회교육원-근로학생,031-400-5844
2,ERICA,국제교육원-행정/예산/외국어과정,031-400-5841
2,ERICA,국제교육원-한국어과정/기타국적,031-400-5842
2,ERICA,국제교육원-한국어과정/중국국적,031-400-5847
2,ERICA,국제교육원-외국어상담실,031-400-5833
2,ERICA,창의인재원-행정팀,031-400-4374
2,ERICA,창의인재원-인재관,031-400-4375
2,ERICA,창의인재원-창의동관,031-400-4378
2,ERICA,창의인재원-창의서관,031-400-4379
2,ERICA,창의인재원-행복관,031-400-4382
